Customer Name,>1
A ALFA PLUMBING AND SEWER,3
A AND F WATER HEATER,37
A AND M PLUMBING LLC,1
A D I SERVICES INCORPORATED,19
A-PLUS ELITE CONSTRUCTION AND REPAIR,14
A2Z MECHANICAL CONTRACTORS,5
AAA APPLIANCE EXPERTS,1
ABSOLUTE WATER HEATERS,5
ACCO ENGINEERED SYSTEMS,2
ACTION PLUMBING INCORPORATED,1
ADAMS PLUMBING INCORPORATED,2
ADMIRAL PLUMBING SERVICES LLC,4
ADVANCED PLUMBOLOGY INC,96
ADVANTAGE PLUMBING,4
"AETNA PLUMBING, INCORPORATION",1
AIR CARE INC,34
AIR MANAGEMENT SERVICES INC,3
ALABAMA POWER,6
ALEXANDER PLUMBING,9
ALL PLUMBING REPAIR INC,2
ALL POWER SERVICE,11
ALL STAR PLUMBING,3
ALL SYSTEMS MECHANICAL,47
ALLIED CONSTRUCTION LLC,2
AMERICAN PLUMBING COMPANY,4
ANGELS PLUMBING,1
APPLIANCE SERV OF LEE COUNTY,14
AREA GAS APPLIANCE SERVICE,22
ARIMAR PLUMBING SERVICE INC,1
ARMOR PLUMBING AND BOILER INC,6
ARROW SYSTEMS INC,1
AUTHORIZED HEATING AND AC INC,21
B AND B WATER HEATER LLC,20
B AND D PLUMBING COMPANY,1
B'S PLUMBING,32
BABES PLUMBING INCORPORATED,5
BARTEX PLUMBING,9
BAYER PLUMBING AND HEATING INC,1
BERNIE BUCHNER MECHANICAL INC,1
BETTER PLUMBING SERVICES LLC,1
BG-AMERICAN PLUMBING INC,33
BIENVENU BROTHERS PLUMBING,13
BISSETT PLUMBING INCORPORATED,2
BOCA CERTIFIED PLUMBING SVC,3
BONDED REPAIR,57
BOYD I HOSKINS JR AND SON PLBG,3
BRISKEY MECHANICAL INC,2
BUTLER PLUMBING INCORPORATED,1
BYNUM AND SONS PLUMBING INC,5
C&C MECHANICAL LLC,26
CALCASIE MECHANICAL CONTRACTORS INC,1
CARBONE SB PLBG AND HTG,14
CELTIC HERITAGE VENTURES,30
CENTRAL PLUMB IT YOURSELF,6
CHAUD COMPANY PLUMBING SVC,1
CHESAPEAKE PLUMBING AND HEATING,1
CHRIS PLUMBING,2
CITY BASE PLUMBING,51
CLEARVIEW BUILDERS,1
CLEM'S PLUMBING SERVICES LLC,5
CLIMATE CONTROL SERVICES INC,15
CMS PLUMBING AND REPAIRS,7
COAST PLUMBING HEATING AND AIR,14
COCOA BEACH PLUMBING INC,1
COLLIER PLUMBING,131
CONFORTI PLUMBING INCORPORATED,3
COOPERS PLUMBING CO INC,2
COVENANT PLUMBING COMPANY,3
CRAIG PLUMBING CONTRACTORS,8
CUSTOM AIR & PLUMBING SVC,1
CUTLER PLUMBING COMPANY,2
D AND K MARQUEZ ENTERPRISES,2
D AND M MECHANICAL CONTRACTORS,2
D AND V COMMERCIAL REPAIRS,12
DALCO PLUMBING INCORPORATED,2
DALE SWEITZER LLC,4
DAVID FREY PLUMBING LLC,1
DAVID R STOKES,4
DESIGN TEMPERATURE,64
DI FABIO BROTHERS INCORPORATED,6
DM DOBKIN LLC,42
DRAIN RITE PLUMBING,86
DUNEDIN PLUMBING INCORPORATED,3
DW BAHR PLUMBING AND HEATING INC,31
DWG PLUMBING,44
DYE HEATING AND COOLING INC,1
DYNAMIC PLUMBING AND GAS COMPANY,15
DYSON PLUMBING COMPANY,4
EARL GRAY & SONS INC,39
ED PHILLIPS PLUMBING,3
EXCELLENCE LLC,17
EXPRESS WATER HEATER SERVICE,1
EYMAN PLUMBING,8
FAIRFAX ELECTRIC PLBG AND GAS,16
FANTES HEATING AND AIR INC,9
FAST WATER HEATER COMPANY,95
FILAN AND CONNER LLC,4
FIRST CLASS PLBG OF FLORIDA,1
FLANAGANS SERVICE,31
FORK REFRIGERATION,1
FRANK LANGFORDS PLBG SERVICE,18
GARY R YAEGER PLUMBING,1
GENERAL INSTALLATION COMPANY,11
GENNAROS PLUMBING INC,10
GFI SERVICES,5
GOLD SEAL MECHANICAL,1
HAROLD MYART,19
HARTFORD AND RATLIFF,3
HARVEYS HEATING AND AC,11
HAWC INCORPORATED,1
HBP CONTRACTORS AND CONSULTANTS,30
HEADS PLBG SALES AND SERVICE,8
HEBERT PLUMBING COMPANY,2
HEDDEN PLUMBING,11
HERBER PLUMBING AND HEATING CORP,14
HERSHBERGER PLUMBING LLC,6
HOLESHOT PLUMBING LLC,2
HONEY BEE HUSBAND FOR HIRE,16
HOT WATER EXPRESS,2
HOT WATER LLC,82
IRV PLUMBING INC,15
J B SCHOENWALDER PLUMBING,5
J F AHERN COMPANY,2
J-S ALL THINGS PLUMBING LLC,1
JARRAR & COMPANY SERVICES INC,31
JEFFREYS APPLIANCE AND SERVICE,3
JEFFS WESTSIDE PLUMBING,6
JIM DICKERSON PLUMBING INC,1
JOEY THIBODEAUXS DRAIN CLNG,1
JOHN AUSTIN INC. DBA BEST TEC,2
JOHN HEFFLEY PLUMBING INC,4
JOYNER PLUMBING COMPANY LTD,2
JR BOLTON SERVICES INC,7
K-TWINS PLUMBING,4
KABOD PROPERTIES LLC,1
KC PLUMBING,7
KEIGLEY PLUMBING INCORPORATED,23
KIEFFER'S PLUMBING,14
LANDMARK PLUMBING AND HEATING,17
LARSEN PLUMBING INCORPORATED,4
LAURETTI PLUMBING,1
LAWTON COMMERCIAL SERVICES,2
LEDBETTER PLUMBING,3
LEE R KOBB INCORPORATED,18
LENS COMMERCIAL APPLIANCE,23
LIBERTY PLUMBING CO,15
LIQUID PLUMBING INCORPORATED,19
LIVE ACTION SEWERS AND PLUMBING,8
MARK PETERSON CORPORATION dba AMERICAN PLUMBING,5
MASTERTECHS INC.,3
MAZAMA SERVICES LLC,3
MCELROYS HTG AND PLBG INC,1
MELJO INCORPORATED,7
METRIC PLUMBING AND HEATING,10
MIAMI WATER HEATER,29
MICKS PLUMBING JOSEPH MICKLES,9
MINYARD SONS SERVICE,27
MITCH WRIGHT PLUMBING HEATING & AIR,27
MJ PLUMBING LLC,27
MLP CORPORATION,2
MORNINGSIDE PLUMBING INC,3
MR BUILD HOME IMPROVEMENT,253
MR INSTALLER LLC,3
MR ROOTER PLUMBING,5
MR WATERHEATER ENT INC,38
NACOGDOCHES SHEET METAL AND PLBG,1
NEW ENGLAND WATER SERVICES INC,20
NEW VISION PLUMBING AND MECH,36
NICHOLAS PLUMBING AND HEATING,3
NOAH'S PLUMBING INC,108
NORMCO APPLIANCE SERVICES,106
NORTHERN PLUMBING & HEATING INC,2
NORTON AND ASSOCIATES PLBG INC,11
PELUSO AND RABEL PLUMBING INC,7
PERSONAL PLUMBER SERVICE CORP,6
PETROGLYPH PLUMBING AND HEATING,11
PIPE WORKS SERVICE INC,11
PITSCH PLUMBING SERVICE,1
PLUMB PLUMBING LLC,1
PLUMB TECH SERVICES,29
PLUMBING BY BISHOP,1
POSITIVE PLUMBING LLC,4
PRECISION TECH HOME SERVICES INC,52
PREMIER PLUMBING INCORPORATED,1
PRO N STALL PLUMBING HEATING & COOLING,44
PROFESSIONAL PLBG SVC OF CINN,2
PROFESSOR PLUMB LLC,11
QUALITY PLBG HEATING AND AIR,3
QUALITY SOLUTIONS INC,20
R CARR INCORPORATED,5
R L GOURLEY CO INC,2
R.W. ALLEN HVAC LLC,4
RAPID PLUMBING LLC DBA FREDS PLUMBING,5
REEDER HEATING AND COOLING INC,57
REGINA PLUMBING COMPANY,14
REILLY ENTERPRISES LLC,4
RELIABLE PLUMBING,13
RICELAND FLOW CARE INC,5
RIGHT-WAY PLUMBING COMPANY,102
RIPPELMEYER SERVICES INC,4
ROACH PLUMBING AND HEATING CO,6
ROBERT J RAY aka ATLAS PLUMBING,8
ROSSI MECH-HOT WATER EXPRESS,2
RPL PLUMBING HEATING & MECHANICAL,15
RW LOUDERBACK AND SON PLBG CO,8
S J CONNOR AND SONS,2
SAK ELECTRIC AND PLUMBING,1
SALS HEATING AND COOLING INC,36
SARACENI SALES AND SERVICE,4
SAXTON RESIDENTIAL SERVICES,19
SCOTTY A FOY,4
SENTRY NORTH APPLIANCE SERVICE,12
SERVICE NOW/JOHNNYS SHEET METAL AND HEATING,5
SERVICEMASTER PLUMBING SERVICE,53
SICARI PLUMBING COMPANY INC,1
SILVER DEVELOPMENT & ASSOCIATES INC,31
SIMMONS PLUMBING,1
SMITH PLUMBING,3
SMITH REFRIGERATION,4
SNIDERMANS LLC,19
SOUTHERN PLUMBING INCORPORATED,2
STAN THE HOT WATER MAN,21
STANDARD HEATING AND AIR COMPANY,1
STEPHEN ANTHONY PLUMBING LLC,15
SULLIVANS PLUMBING AND HEATING INC,1
SUPERIOR PLUMBING AND DRAIN,81
SUPERIOR PLUMBING AND HEATING,8
T MARCUM PLUMBING,7
TANKLESS TECHNOLOGY,16
TERRYS MECHANICAL SERVICES,16
THE PLUMBING COMPANY OF EAST TENNESSEE,4
THE WATER HEATER GUY,24
THOMAS E MAUPIN PLUMBING CO,2
THORSENS INCORPORATED,24
THRASHER SERVICE,3
TIMOTHY J WALKER PLUMBING,7
TNH PLUMBING,3
TOLD PLUMBING LLC,10
TOM GOLDEN PLUMBING,43
TOTH ENTERPRISE OF WNC INC,4
TOWN MECHANICAL INCORPORATED,7
TWIN PINES FARM,26
UNION PLUMBING COMPANY,12
UNIVERSAL PLUMBING COMPANY,4
US WATER HEATING SOLUTIONS LLC,135
VALLEY HOME SERVICES,13
VINSON AND SILL INCORPORATED,2
WARRANTY REPLACEMENT CF,148
WATEC COMPANY,23
WATER HEATER MAN INCORPORATED,2
WATER HEATERS WEST,41
WATERTIGHT WATER CARE INC,8
WILLIAM C FOX HVAC INC,1
WOODHAVEN PLBG AND HTG COMPANY,8
WSB CONSTRUCTION INCORPORATED,6
